Nome;Tipo;Nome UTM;Link;Filtros;Texto Legal;;;;;;;;;;;;;;;;;;;;;;;
Ekos_Marca;Marca;ekos;www.natura.com.br/Ekos;;;;;;;;;;;;;;;;;;;;;;;;;
Lumina_Marca;Marca;lumina;www.natura.com.br/Lumina;;;;;;;;;;;;;;;;;;;;;;;;;
Tododia_Marca;Marca;tododia;www.natura.com.br/Tododia;;;;;;;;;;;;;;;;;;;;;;;;;
Chronos_Marca;Marca;chronos;www.natura.com.br/Chronos;;;;;;;;;;;;;;;;;;;;;;;;;
CrerParaVer_Marca;Marca;crerparaver;www.natura.com.br/crer-para-ver;;;;;;;;;;;;;;;;;;;;;;;;;
Aguas_Marca;Marca;aguas;www.natura.com.br/aguas;;;;;;;;;;;;;;;;;;;;;;;;;
Aquarela_Marca;Marca;aquarela;www.natura.com.br/Aquarela;;;;;;;;;;;;;;;;;;;;;;;;;
Biografia_Marca;Marca;biografia;www.natura.com.br/Biografia;;;;;;;;;;;;;;;;;;;;;;;;;
Sintonia_Marca;Marca;sintonia;www.natura.com.br/sintonia;;;;;;;;;;;;;;;;;;;;;;;;;
Erva-Doce_Marca;Marca;ervadoce;www.natura.com.br/Erva-Doce;;;;;;;;;;;;;;;;;;;;;;;;;
Essencial_Marca;Marca;essencial;www.natura.com.br/Essencial;;;;;;;;;;;;;;;;;;;;;;;;;
Faces_Marca;Marca;faces;www.natura.com.br/Faces;;;;;;;;;;;;;;;;;;;;;;;;;
Revelar_Marca;Marca;revelar;www.natura.com.br/revelar;;;;;;;;;;;;;;;;;;;;;;;;;
Fotoequilibrio_Marca;Marca;fotoequilibrio;www.natura.com.br/Fotoequilibrio;;;;;;;;;;;;;;;;;;;;;;;;;
Homem_Marca;Marca;homem;www.natura.com.br/Homem;;;;;;;;;;;;;;;;;;;;;;;;;
Humor_Marca;Marca;humor;www.natura.com.br/Humor;;;;;;;;;;;;;;;;;;;;;;;;;
Ilia_Marca;Marca;ilia;www.natura.com.br/Ilia;;;;;;;;;;;;;;;;;;;;;;;;;
Kaiak_Marca;Marca;kaiak;www.natura.com.br/Kaiak;;;;;;;;;;;;;;;;;;;;;;;;;
Kriska_Marca;Marca;kriska;www.natura.com.br/Kriska;;;;;;;;;;;;;;;;;;;;;;;;;
Luna_Marca;Marca;luna;www.natura.com.br/Luna;;;;;;;;;;;;;;;;;;;;;;;;;
Mamae-e-bebe_Marca;Marca;mamaebebe;www.natura.com.br/Mamae-e-bebe;;;;;;;;;;;;;;;;;;;;;;;;;
Nature_Marca;Marca;nature;www.natura.com.br/nature;;;;;;;;;;;;;;;;;;;;;;;;;
Plant_Marca;Marca;plant;www.natura.com.br/plant;;;;;;;;;;;;;;;;;;;;;;;;;
Seve_Marca;Marca;seve;www.natura.com.br/Seve;;;;;;;;;;;;;;;;;;;;;;;;;
Sou_Marca;Marca;sou;www.natura.com.br/Sou;;;;;;;;;;;;;;;;;;;;;;;;;
Sr-n_Marca;Marca;srn;www.natura.com.br/Sr-n;;;;;;;;;;;;;;;;;;;;;;;;;
Urbano_Marca;Marca;urbano;www.natura.com.br/urbano;;;;;;;;;;;;;;;;;;;;;;;;;
Una_Marca;Marca;una;www.natura.com.br/Una;;;;;;;;;;;;;;;;;;;;;;;;;
Cuidados Diários_Departamento;Departamento;cuidadosdiarios;www.natura.com.br/c/tudo-em-cuidados-diarios;;;;;;;;;;;;;;;;;;;;;;;;;
Perfumaria_Departamento;Departamento;perfumaria;www.natura.com.br/c/tudo-em-perfumaria;;;;;;;;;;;;;;;;;;;;;;;;;
Maquiagem_Departamento;Departamento;maquiagem;www.natura.com.br/c/tudo-em-maquiagem;;;;;;;;;;;;;;;;;;;;;;;;;
Cabelos_Departamento;Departamento;cabelos;www.natura.com.br/c/tudo-em-cabelos;;;;;;;;;;;;;;;;;;;;;;;;;
Barba_Departamento;Departamento;barba;www.natura.com.br/c/tudo-em-barba;;;;;;;;;;;;;;;;;;;;;;;;;
Infantil_Departamento;Departamento;infantil;www.natura.com.br/c/tudo-em-infantil;;;;;;;;;;;;;;;;;;;;;;;;;
Presentes_Departamento;Departamento;presentes;www.natura.com.br/c/tudo-em-presentes;;;;;;;;;;;;;;;;;;;;;;;;;
Promoções_Departamento;Departamento;promocoes;www.natura.com.br/c/tudo-em-promocoes;;;;;;;;;;;;;;;;;;;;;;;;;
Perfumaria_Infantil;Departamento;perfumariainfantil;www.natura.com.br/c/infantil/perfumaria;;;;;;;;;;;;;;;;;;;;;;;;;
Cuidados Rosto_Categoria;Subcategoria;cuidadosrosto;www.natura.com.br/c/cuidados-diarios/rosto;;;;;;;;;;;;;;;;;;;;;;;;;
Cuidados Corpo_Categoria;Subcategoria;cuidadoscorpo;www.natura.com.br/c/cuidados-diarios/corpo;;;;;;;;;;;;;;;;;;;;;;;;;
Cuidados Banho_Categoria;Subcategoria;cuidadosbanho;www.natura.com.br/c/cuidados-diarios/banho;;;;;;;;;;;;;;;;;;;;;;;;;
Cuidados Maos e Pes_Categoria;Subcategoria;cuidadosmaosepes;www.natura.com.br/c/cuidados-diarios/maos-e-pes;;;;;;;;;;;;;;;;;;;;;;;;;
Cuidados Veganos_Categoria;Subcategoria;cuidadosveganos;www.natura.com.br/c/veganos-em-cuidados-diarios;;;;;;;;;;;;;;;;;;;;;;;;;
Perfumaria Masculina_Categoria;Subcategoria;perfumariamasculina;www.natura.com.br/c/perfumaria/perfumaria-masculina;;;;;;;;;;;;;;;;;;;;;;;;;
Perfumaria Feminina_Categoria;Subcategoria;perfumariafeminina;www.natura.com.br/c/perfumaria/perfumaria-feminina;;;;;;;;;;;;;;;;;;;;;;;;;
Perfumaria Veganos_Categoria;Subcategoria;perfumariavegana;www.natura.com.br/c/veganos-em-perfumaria;;;;;;;;;;;;;;;;;;;;;;;;;
Boca_Categoria;Categoria;boca;www.natura.com.br/c/maquiagem/boca;;;;;;;;;;;;;;;;;;;;;;;;;
Olhos_Categoria;Categoria;olhos;www.natura.com.br/c/maquiagem/olhos;;;;;;;;;;;;;;;;;;;;;;;;;
Rosto_Categoria;Categoria;rosto;www.natura.com.br/c/maquiagem/rosto;;;;;;;;;;;;;;;;;;;;;;;;;
Acessorios_Maquiagem;Categoria;acessorios;www.natura.com.br/c/maquiagem/acessorios;;;;;;;;;;;;;;;;;;;;;;;;;
Unhas_Categoria;Categoria;unhas;www.natura.com.br/c/unhas;;;;;;;;;;;;;;;;;;;;;;;;;
Maquiagem Veganos_Categoria;Categoria;maquiagemvegana;www.natura.com.br/c/maquiagem/veganos-em-maquiagem;;;;;;;;;;;;;;;;;;;;;;;;;
Lavar_Categoria;Categoria;lavar;www.natura.com.br/c/cabelos/lavar;;;;;;;;;;;;;;;;;;;;;;;;;
Tratar_Categoria;Categoria;tratar;www.natura.com.br/c/cabelos/tratar;;;;;;;;;;;;;;;;;;;;;;;;;
Finalizar_Categoria;Categoria;finalizar;www.natura.com.br/c/cabelos/finalizar;;;;;;;;;;;;;;;;;;;;;;;;;
Barbear_Categoria;Categoria;barbear;www.natura.com.br/c/barba/barbear;;;;;;;;;;;;;;;;;;;;;;;;;
Pos-Barbear_Categoria;Categoria;posbarbear;www.natura.com.br/c/barba/pos-barbear;;;;;;;;;;;;;;;;;;;;;;;;;
Barba Veganos_Categoria;Categoria;barbavegano;www.natura.com.br/c/barba/veganos-em-barba;;;;;;;;;;;;;;;;;;;;;;;;;
Cabelos-Infantil_Categoria;Categoria;cabelosinfantil;www.natura.com.br/c/infantil/cabelos;;;;;;;;;;;;;;;;;;;;;;;;;
Corpo-E-Banho_Categoria;Categoria;corpoebanhoinfantil;www.natura.com.br/c/infantil/corpo-e-banho;;;;;;;;;;;;;;;;;;;;;;;;;
Acessorios_Infantil;Categoria;acessoriosinfantil;www.natura.com.br/c/infantil/acessorios;;;;;;;;;;;;;;;;;;;;;;;;;
Infantil Veganos_Categoria;Categoria;infantilveganos;www.natura.com.br/c/infantil/veganos-em-infantil;;;;;;;;;;;;;;;;;;;;;;;;;
Presentes_Categoria;Categoria;presentes;www.natura.com.br/c/tudo-em-presentes;;;;;;;;;;;;;;;;;;;;;;;;;
Compre E Ganhe_Promoção;Promoção;compreeganhe;www.natura.com.br/c/compre-e-ganhe;;;;;;;;;;;;;;;;;;;;;;;;;
Superconcentrado;Subcategoria;superconcentrado;www.natura.com.br/c/rosto/superconcentrado;;;;;;;;;;;;;;;;;;;;;;;;;
Antissinais_Subcategoria;Subcategoria;antissinais;www.natura.com.br/c/cuidados-diarios/rosto/antissinais;;;;;;;;;;;;;;;;;;;;;;;;;
Proteção Solar_Rosto;Subcategoria;protecaosolarrosto;www.natura.com.br/c/cuidados-diarios/rosto/protecao-solar;;;;;;;;;;;;;;;;;;;;;;;;;
Tratamento Intensivo_Subcategoria;Subcategoria;tratamentointensivo;www.natura.com.br/c/cuidados-diarios/rosto/tratamento-intensivo;;;;;;;;;;;;;;;;;;;;;;;;;
Desodorantes;Subcategoria;desodorantes;www.natura.com.br/c/corpo-e-banho/desodorante;;;;;;;;;;;;;;;;;;;;;;;;;
Hidratantes_Corporal;Subcategoria;hidratantecorporal;www.natura.com.br/c/cuidados-diarios/corpo/hidratantes;;;;;;;;;;;;;;;;;;;;;;;;;
Esfoliantes_Subcategoria;Subcategoria;esfoliantes;www.natura.com.br/c/cuidados-diarios/corpo/esfoliantes;;;;;;;;;;;;;;;;;;;;;;;;;
Lencos Umedecidos_Infantil;Subcategoria;lencosumedecidosinfantil;www.natura.com.br/c/cuidados-diarios/corpo/lencos-umedecidos;;;;;;;;;;;;;;;;;;;;;;;;;
Proteção Solar_Corpo;Subcategoria;protecaosolar;www.natura.com.br/c/cuidados-diarios/corpo/protecao-solar;;;;;;;;;;;;;;;;;;;;;;;;;
Creme Clareador_Subcategoria;Subcategoria;cremeclareador;www.natura.com.br/c/cuidados-diarios/corpo/creme-clareador;;;;;;;;;;;;;;;;;;;;;;;;;
Gel Antisseptico_Subcategoria;Subcategoria;gelantisseptico;www.natura.com.br/c/cuidados-diarios/corpo/gel-antisseptico;;;;;;;;;;;;;;;;;;;;;;;;;
Sabonetes_Banho;Subcategoria;sabonetesbanho;www.natura.com.br/c/cuidados-diarios/banho/sabonetes;;;;;;;;;;;;;;;;;;;;;;;;;
Óleos_Banho;Subcategoria;oleosbanho;www.natura.com.br/c/cuidados-diarios/banho/oleos;;;;;;;;;;;;;;;;;;;;;;;;;
Cuidados Intimos_Subcategoria;Subcategoria;cuidadosintimos;www.natura.com.br/c/cuidados-diarios/banho/cuidados-intimos;;;;;;;;;;;;;;;;;;;;;;;;;
Hidratantes_Mãos_e_Pés;Subcategoria;hidratantemaosepes;www.natura.com.br/c/cuidados-diarios/maos-e-pes/hidratantes;;;;;;;;;;;;;;;;;;;;;;;;;
Hidratacao_rosto;Subcategoria;hidratacaorosto;www.natura.com.br/c/cuidados-diarios/rosto/hidratacao;;;;;;;;;;;;;;;;;;;;;;;;;
Gel Creme_Subcategoria;Subcategoria;gelcreme;www.natura.com.br/c/cuidados-diarios/maos-e-pes/gel-creme;;;;;;;;;;;;;;;;;;;;;;;;;
Batom_Subcategoria;Subcategoria;batom;www.natura.com.br/c/maquiagem/boca/batom;;;;;;;;;;;;;;;;;;;;;;;;;
Lapis para Labios_Subcategoria;Subcategoria;lapisparalapios;www.natura.com.br/c/maquiagem/boca/lapis-para-labios;;;;;;;;;;;;;;;;;;;;;;;;;
Gloss_Subcategoria;Subcategoria;gloss;www.natura.com.br/c/maquiagem/boca/gloss;;;;;;;;;;;;;;;;;;;;;;;;;
Hidratante Labial;Subcategoria;hidratantelabial;www.natura.com.br/c/maquiagem/boca/hidratante-labial;;;;;;;;;;;;;;;;;;;;;;;;;
Lapis Para Olhos_Subcategoria;Subcategoria;lapisparaolhos;www.natura.com.br/c/maquiagem/olhos/lapis;;;;;;;;;;;;;;;;;;;;;;;;;
Sombra_Subcategoria;Subcategoria;sombra;www.natura.com.br/c/maquiagem/olhos/sombra;;;;;;;;;;;;;;;;;;;;;;;;;
Mascara Para Cilios_Subcategoria;Subcategoria;mascaraparacilios;www.natura.com.br/c/maquiagem/olhos/mascara-para-cilios;;;;;;;;;;;;;;;;;;;;;;;;;
Delineador_Subcategoria;Subcategoria;delineador;www.natura.com.br/c/maquiagem/olhos/delineador;;;;;;;;;;;;;;;;;;;;;;;;;
Base_Rosto;Subcategoria;base;www.natura.com.br/c/maquiagem/rosto/base;;;;;;;;;;;;;;;;;;;;;;;;;
Po_Subcategoria;Subcategoria;po;www.natura.com.br/c/maquiagem/rosto/po;;;;;;;;;;;;;;;;;;;;;;;;;
Blush_Subcategoria;Subcategoria;blush;www.natura.com.br/c/maquiagem/rosto/blush;;;;;;;;;;;;;;;;;;;;;;;;;
Corretivo_Subcategoria;Subcategoria;corretivo;www.natura.com.br/c/maquiagem/rosto/corretivo;;;;;;;;;;;;;;;;;;;;;;;;;
Iluminador_Subcategoria;Subcategoria;iluminador;www.natura.com.br/c/maquiagem/rosto/iluminador;;;;;;;;;;;;;;;;;;;;;;;;;
Pre-Maquiagem_Subcategoria;Subcategoria;premaquiagem;www.natura.com.br/c/maquiagem/rosto/pre-maquiagem;;;;;;;;;;;;;;;;;;;;;;;;;
Demaquilantes_Subcategoria;Subcategoria;demaquilantes;www.natura.com.br/c/maquiagem/rosto/demaquilantes;;;;;;;;;;;;;;;;;;;;;;;;;
Necessaire_Subcategoria;Subcategoria;necessaire;www.natura.com.br/c/maquiagem/acessorios/necessaire;;;;;;;;;;;;;;;;;;;;;;;;;
Base_unhas;Subcategoria;baseunhas;www.natura.com.br/c/unhas/base;;;;;;;;;;;;;;;;;;;;;;;;;
Esmaltes_Subcategoria;Subcategoria;esmaltes;www.natura.com.br/c/unhas/esmalte;;;;;;;;;;;;;;;;;;;;;;;;;
Pre-Shampoo_Subcategoria;Subcategoria;preshampoo;www.natura.com.br/c/cabelos/lavar/pre-shampoo;;;;;;;;;;;;;;;;;;;;;;;;;
Shampoo_Subcategoria;Subcategoria;shampoo;www.natura.com.br/c/cabelos/lavar/shampoo;;;;;;;;;;;;;;;;;;;;;;;;;
Condicionador_Subcategoria;Subcategoria;condicionador;www.natura.com.br/c/cabelos/lavar/condicionador;;;;;;;;;;;;;;;;;;;;;;;;;
Capsulas_Tratamento_cabelo;Subcategoria;capsulascabelo;www.natura.com.br/c/cabelos/tratar/capsulas;;;;;;;;;;;;;;;;;;;;;;;;;
Mascara_Subcategoria;Subcategoria;mascara;www.natura.com.br/c/cabelos/tratar/mascara;;;;;;;;;;;;;;;;;;;;;;;;;
Ampolas_Subcategoria;Subcategoria;ampola;www.natura.com.br/c/cabelos/tratar/ampolas;;;;;;;;;;;;;;;;;;;;;;;;;
Tonico_Subcategoria;Subcategoria;tonico;www.natura.com.br/c/cabelos/tratar/tonico;;;;;;;;;;;;;;;;;;;;;;;;;
mascara_e_ampolas;Subcategoria;mascaraeampola;www.natura.com.br/c/cabelos/mascara-e-ampola;;;;;;;;;;;;;;;;;;;;;;;;;
Oleos_Tratamento_cabelo;Subcategoria;oleostratamento;www.natura.com.br/c/cabelos/tratar/oleos;;;;;;;;;;;;;;;;;;;;;;;;;
Creme para Pentear_Subcategoria;Subcategoria;cremeparapentear;www.natura.com.br/c/cabelos/finalizar/creme-para-pentear;;;;;;;;;;;;;;;;;;;;;;;;;
Gel Fixador_Subcategoria;Subcategoria;gelfixador;www.natura.com.br/c/cabelos/finalizar/gel-fixador;;;;;;;;;;;;;;;;;;;;;;;;;
Spray_Subcategoria;Subcategoria;spray;www.natura.com.br/c/cabelos/finalizar/spray;;;;;;;;;;;;;;;;;;;;;;;;;
Perfume para Cabelos_Subcategoria;Subcategoria;perfumeparacabelos;www.natura.com.br/c/cabelos/finalizar/perfume-para-cabelos;;;;;;;;;;;;;;;;;;;;;;;;;
Espuma de Barbear_Subcategoria;Subcategoria;espumadebarbear;www.natura.com.br/c/barba/barbear/espuma-de-barbear;;;;;;;;;;;;;;;;;;;;;;;;;
Creme de Barbear_Subcategoria;Subcategoria;cremedebarbear;www.natura.com.br/c/barba/barbear/creme-de-barbear;;;;;;;;;;;;;;;;;;;;;;;;;
Oleo de Barbear_Subcategoria;Subcategoria;oleodebarbear;www.natura.com.br/c/barba/barbear/oleo-de-barbear;;;;;;;;;;;;;;;;;;;;;;;;;
Gel Pos Barba_Subcategoria;Subcategoria;gelposbarba;www.natura.com.br/c/barba/pos-barbear/gel-pos-barba;;;;;;;;;;;;;;;;;;;;;;;;;
Condicionador_Infantil;Subcategoria;condicionadorinfantil;www.natura.com.br/c/infantil/cabelos/condicionador;;;;;;;;;;;;;;;;;;;;;;;;;
Finalizador Cabelo Infantil_Subcategoria;Subcategoria;finalizadorcabeloinfantil;www.natura.com.br/c/infantil/cabelos/finalizador;;;;;;;;;;;;;;;;;;;;;;;;;
Shampoo_Infantil;Subcategoria;shampooinfantil;www.natura.com.br/c/infantil/cabelos/shampoo;;;;;;;;;;;;;;;;;;;;;;;;;
Colonia_Subcategoria;Subcategoria;colonia;www.natura.com.br/c/infantil/colonia;;;;;;;;;;;;;;;;;;;;;;;;;
Hidratantes Corpo e Banho_Infantil;Subcategoria;hidratantescorpo;www.natura.com.br/c/infantil/corpo-e-banho/hidratantes;;;;;;;;;;;;;;;;;;;;;;;;;
Lencos-Umedecidos_Subcategoria;Subcategoria;lencosumedecidos;www.natura.com.br/c/infantil/corpo-e-banho/lencos-umedecidos;;;;;;;;;;;;;;;;;;;;;;;;;
Protecao-Solar_Subcategoria;Subcategoria;protecaosolar;www.natura.com.br/c/infantil/corpo-e-banho/protecao-solar;;;;;;;;;;;;;;;;;;;;;;;;;
Sabonetes_Infantil_Subcategoria;Subcategoria;sabonetesinfantil;www.natura.com.br/c/infantil/corpo-e-banho/sabonetes;;;;;;;;;;;;;;;;;;;;;;;;;
Oleos_Infantil;Subcategoria;oleosinfantil;www.natura.com.br/c/infantil/corpo-e-banho/oleos;;;;;;;;;;;;;;;;;;;;;;;;;
Presentes em Perfumaria_Subcategoria;Subcategoria;presentesemperfumaria;www.natura.com.br/c/presentes/presentes/perfumaria;;;;;;;;;;;;;;;;;;;;;;;;;
Acessorios_Subcategoria;Subcategoria;acessorios;www.natura.com.br/c/presentes/acessorios;;;;;;;;;;;;;;;;;;;;;;;;;
Presentes_Corpo;Subcategoria;presentecorpo;www.natura.com.br/c/presentes/presentes/corpo;;;;;;;;;;;;;;;;;;;;;;;;;
Casa_Subcategoria;Subcategoria;casa;www.natura.com.br/c/presentes/moda-e-casa/casa;;;;;;;;;;;;;;;;;;;;;;;;;
Papelaria_Subcategoria;Subcategoria;papelaria;www.natura.com.br/c/presentes/moda-e-casa/papelaria;;;;;;;;;;;;;;;;;;;;;;;;;
CuidadosDiarios_CuidadosIntimos;categoria;cuidadosdiariosintimos;www.natura.com.br/c/cuidados-diarios/banho/cuidados-intimos;;;;;;;;;;;;;;;;;;;;;;;;;
Hidratante_Maos;categoria;hidratentemaos;www.natura.com.br/c/cuidados-diarios/maos-e-pes/hidratantes;;;;;;;;;;;;;;;;;;;;;;;;;
Sabonetes_Todo_Dia;categoria;sabonetetododia;www.natura.com.br/c/cuidados-diarios/banho/sabonetes;"product_line=%5B""Tododia""%5D";;;;;;;;;;;;;;;;;;;;;;;;
Batom_Faces;categoria;batomfaces;www.natura.com.br/c/maquiagem/boca/batom;"product_line=%5B""Faces""%5D";;;;;;;;;;;;;;;;;;;;;;;;
Base_Aquarela;categoria;baseaquarela;www.natura.com.br/c/maquiagem/rosto/base;"product_line=%5B""Aquarela""%5D";;;;;;;;;;;;;;;;;;;;;;;;
Essencial Perfumaria Feminina;categoria;essencialperfumariafeminina;www.natura.com.br/c/perfumaria/perfumaria-feminina;product_line=%5B%22Essencial%22%5D;;;;;;;;;;;;;;;;;;;;;;;;
Ekos_Maos_e_Pes;categoria;ekosmaosepes;www.natura.com.br/c/cuidados-diarios/maos-e-pes;product_line=%5B%22Ekos%22%5D;;;;;;;;;;;;;;;;;;;;;;;;
Ekos_Alma;categoria;ekosalma;www.natura.com.br/ekos/alma;;;;;;;;;;;;;;;;;;;;;;;;;
Desodorante_ervadoce;categoria;desodoranteervadoce;www.natura.com.br/c/cuidados-diarios/corpo/desodorantes;"product_line=%5B""Erva+Doce""%5D";;;;;;;;;;;;;;;;;;;;;;;;
Fotoequilibrio_Infantil;categoria;fotoequilibrioinfantil;www.natura.com.br/fotoequilibrio;"categories=%5B""Infantil""%5D";;;;;;;;;;;;;;;;;;;;;;;;
Limpezaetonificação;categoria;limpezaetonificacao;www.natura.com.br/c/cuidados-diarios/rosto/limpeza-e-tonificacao;;;;;;;;;;;;;;;;;;;;;;;;;
Batom_Una;categoria;batomuna;www.natura.com.br/c/maquiagem/boca/batom;"product_line=%5B""Una""%5D";;;;;;;;;;;;;;;;;;;;;;;;
Ekos_Buriti;Subcategoria;ekosburiti;www.natura.com.br/ekos;"product_active=%5B""Buriti""%5D";;;;;;;;;;;;;;;;;;;;;;;;
Encontre a Natura;Omnichannel;encontreanatura;www.natura.com.br/encontre-a-natura;;;;;;;;;;;;;;;;;;;;;;;;;
Lançamentos em perfumaria;geral;lancamentosperfumaria;www.natura.com.br/c/tudo-em-lancamentos-perfumaria;;;;;;;;;;;;;;;;;;;;;;;;;
Lançamentos em cabelos;geral;lancamentoscabelo;www.natura.com.br/c/tudo-em-lancamentos-cabelo;;;;;;;;;;;;;;;;;;;;;;;;;
Projetos Sociais;;projetossociais;www.natura.com.br/projetos-sociais;;;;;;;;;;;;;;;;;;;;;;;;;
Conheça os 5 motivos;Landing informativa;motivosparacomprar;www.natura.com.br/motivos-para-comprar-natura-online;;;;;;;;;;;;;;;;;;;;;;;;;
5 motivos;Cupom;5motivos;www.natura.com.br/c/promocao-5-motivos;;"*Promoção do cupom ""5MOTIVOS"" é válida enquanto durarem os estoques. Aplicável apenas para clientes e produtos selecionados. Limitado a 1.000 utilizações. Exceto Presentes, Outlet, Crer Para Ver. Necessário incluir cupom na página de pagamento.";;;;;;;;;;;;;;;;;;;;;;;
Natura_Homem_cabelos;departamento;homem_cabelos;www.natura.com.br/Homem;categories=%5B%22Cabelos%22%5D;;;;;;;;;;;;;;;;;;;;;;;;
Outlet;outlet;outlet;www.natura.com.br/c/outlet;;"*Promoção ""Outlet"" é válida por tempo limitado ou enquanto durarem os estoques.";;;;;;;;;;;;;;;;;;;;;;;
Especial Masculino;Perene;especialmasculino;www.natura.com.br/c/especial-masculino;;;;;;;;;;;;;;;;;;;;;;;;;
Refis;Ação geral;refis;www.natura.com.br/c/refis;;"*Promoção ""Refis"" é válida por tempo limitado ou enquanto durarem os estoques. A seleção de produtos pode alterar durante o período da promoção.";;;;;;;;;;;;;;;;;;;;;;;
Sabonete_Ekos;;saboneteekos;www.natura.com.br/c/cuidados-diarios/banho/sabonetes;"product_line=%5B""Ekos""%5D";;;;;;;;;;;;;;;;;;;;;;;;
Bodysplash_Tododia;;bodysplash;www.natura.com.br/tododia;"product_facet_occasion=%5B""Dia+a+Dia""%5D";;;;;;;;;;;;;;;;;;;;;;;;
Lumina_lançamentos;;luminalancamentos;www.natura.com.br/Lumina;categories=%5B%22Tudo+em+Lan%C3%A7amentos+Cabelo%22%5D;;;;;;;;;;;;;;;;;;;;;;;;
Refil_EKOS_SEVE_CHRONOS;;refislekossevechronos;www.natura.com.br/c/refis;"product_line=%5B""Chronos""%2C""Ekos""%2C""Sève""%5D";;;;;;;;;;;;;;;;;;;;;;;;
Refil_TODODIA_MMBB;;refiltododiammbb;www.natura.com.br/c/refis;"product_line=%5B""Tododia""%2C""Mamãe+e+Bebê""%2C""Erva+Doce""%5D";;;;;;;;;;;;;;;;;;;;;;;;
Refil_Una_Ekos_Tododia;;refilunaekostododia;www.natura.com.br/c/refis;"product_line=%5B""Tododia""%2C""Una""%2C""Ekos""%5D";;;;;;;;;;;;;;;;;;;;;;;;
Refil_Homem_Ilia_KAIAK_Luna_Essencial;;refilhomemilikaiaklunaessencial;www.natura.com.br/c/refis;"product_line=%5B""Essencial""%2C""Luna""%2C""Ilía""%2C""Humor""%2C""Kaiak""%2C""Homem""%5D";;;;;;;;;;;;;;;;;;;;;;;;
LP Mulher elastica;mulher elastica;lpmulherelastica;www.natura.com.br/c/cme9;;;;;;;;;;;;;;;;;;;;;;;;;
LP Mulher Maravilha;mulher maravilha;lpmulhermaravilha;www.natura.com.br/c/cmm6;;;;;;;;;;;;;;;;;;;;;;;;;
LP Penelope Cheirosa;penelope cheirosa;lppenelopecheirosa;www.natura.com.br/c/cpc7;;;;;;;;;;;;;;;;;;;;;;;;;
LP Meryl Streep;meryl streep;lpmerylstreep;www.natura.com.br/c/cms3;;;;;;;;;;;;;;;;;;;;;;;;;
LP Glitter;Glitter;lpglitter;www.natura.com.br/c/queridinhos-pra-voce;;;;;;;;;;;;;;;;;;;;;;;;;
LP JLO;JLO;lpjlo;www.natura.com.br/c/favoritos-pra-voce;;;;;;;;;;;;;;;;;;;;;;;;;
LP Christian Grey;Christian;lpchristiangrey;www.natura.com.br/c/perfeitos-pra-voce;;;;;;;;;;;;;;;;;;;;;;;;;
LP Will Smith;Will;lpwillsmith;www.natura.com.br/c/excelente-pra-voce;;;;;;;;;;;;;;;;;;;;;;;;;
Segmentada Will Smith;;segmentadawillsmith;www.natura.com.br/c/exclusivo9;;"*Promoção "" ou enquanto durarem os estoques. Aplicável apenas para clientes selecionados e produtos desta página. Limitado a 1.000 utilizações. A seleção de produtos pode variar durante o período da promoção";;;;;;;;;;;;;;;;;;;;;;;
Segmentada Christian Grey;;segmentadacristian;www.natura.com.br/c/exclusivo3;;"*Promoção "" ou enquanto durarem os estoques. Aplicável apenas para clientes selecionados e produtos desta página. Limitado a 1.000 utilizações. A seleção de produtos pode variar durante o período da promoção";;;;;;;;;;;;;;;;;;;;;;;
Segmentada Mulher Elastica;;segmentadamulherelastica;www.natura.com.br/c/exclusivo2;;"*Promoção ""Ganhe R$15 acima de R$150"" válida até 06/10/2020 ou enquanto durarem os estoques. Aplicável apenas para clientes selecionados e produtos desta página. Limitado a 1.000 utilizações. A seleção de produtos pode variar durante o período da promoção";;;;;;;;;;;;;;;;;;;;;;;
Segmentada Mulher Maravilha;;segmentadamulhermaravilha;www.natura.com.br/c/exclusivo8;;"*Promoção "" ou enquanto durarem os estoques. Aplicável apenas para clientes selecionados e produtos desta página. Limitado a 1.000 utilizações. A seleção de produtos pode variar durante o período da promoção";;;;;;;;;;;;;;;;;;;;;;;
Segmentada Meryl Streep;;segmentadameryl;www.natura.com.br/c/exclusivo1;;"*Promoção ""Seleção com 30%OFF"" válida até 06/10/2020 ou enquanto durarem os estoques. Aplicável apenas para clientes selecionados e produtos desta página. Limitado a 1.000 utilizações. A seleção de produtos pode variar durante o período da promoção";;;;;;;;;;;;;;;;;;;;;;;
Segmentada Penelope Cheirosa;;segmentadapenelope;www.natura.com.br/c/exclusivo6;;"*Promoção "" ou enquanto durarem os estoques. Aplicável apenas para clientes selecionados e produtos desta página. Limitado a 1.000 utilizações. A seleção de produtos pode variar durante o período da promoção";;;;;;;;;;;;;;;;;;;;;;;
Segmentada JLO;;segmentadajlo;www.natura.com.br/c/exclusivo7;;"*Promoção "" ou enquanto durarem os estoques. Aplicável apenas para clientes selecionados e produtos desta página. Limitado a 1.000 utilizações. A seleção de produtos pode variar durante o período da promoção";;;;;;;;;;;;;;;;;;;;;;;
Segmentada Glitter;;segmentadaglitter;www.natura.com.br/c/exclusivo4;;"*Promoção ""ou enquanto durarem os estoques. Aplicável apenas para clientes selecionados e produtos desta página. Limitado a 1.000 utilizações. A seleção de produtos pode variar durante o período da promoção";;;;;;;;;;;;;;;;;;;;;;;
Segmentada Arroz de Festa;;segarrozdefesta;www.natura.com.br/c/selecao-19;;"*Promoção "" ou enquanto durarem os estoques. Aplicável apenas para clientes selecionados e produtos desta página.";;;;;;;;;;;;;;;;;;;;;;;
Segmentada Lojinha;;seglojinha;www.natura.com.br/c/selecao-20;;"*Promoção ""  ou enquanto durarem os estoques. Aplicável apenas para clientes selecionados e produtos desta página.";;;;;;;;;;;;;;;;;;;;;;;
Leve mais, pague menos;;levemaispaguemenos;www.natura.com.br/c/leve-mais-pague-menos;;"*Promoção ""Leve Mais, Pague Menos"" válida por tempo limitado ou enquanto durarem os estoques. para aplicar o desconto, adicione o produto no carrinho, exceto kits que já estão com desconto aplicados.";;;;;;;;;;;;;;;;;;;;;;;
Promo Semana de Ofertas;;promosemana;www.natura.com.br/c/promo-da-semana;;*Promoção válida por tempo limitado ou enquanto durarem os estoques. A seleção de produtos pode variar durante o período da promoção.;;;;;;;;;;;;;;;;;;;;;;;
Selecao por ate 29,90;;selecaoporate29;www.natura.com.br/c/especial-6;;;;;;;;;;;;;;;;;;;;;;;;;
Corpo com até 45%off;;corpocomate45;www.natura.com.br/c/especial-7;;;;;;;;;;;;;;;;;;;;;;;;;
Lançamentos;;lancamentos;www.natura.com.br/c/tudo-em-lancamentos;;;;;;;;;;;;;;;;;;;;;;;;;
Mais vendidos;;maisvendidos;www.natura.com.br/c/mais-vendidos;;;;;;;;;;;;;;;;;;;;;;;;;
Frete Grátis;;fretegratisapartir;www.natura.com.br;;;;;;;;;;;;;;;;;;;;;;;;;
entrega segura;;entregasegura;www.natura.com.br;;;;;;;;;;;;;;;;;;;;;;;;;
Itens femininos no outlet;;outletfeminino;www.natura.com.br/c/outlet;"recommended_for=%5B""<p>Feminino<%2Fp>%5Cn""%5D";;;;;;;;;;;;;;;;;;;;;;;;
Presentes femininos;;presentesfemininos;www.natura.com.br/c/presentes/presentes-femininos;;;;;;;;;;;;;;;;;;;;;;;;;
Refis Deo corporais;;refisdedeocorporais;www.natura.com.br/c/gerais/meuheroi;;;;;;;;;;;;;;;;;;;;;;;;;
Favoritos;;favoritos;www.natura.com.br/c/favoritos;;;;;;;;;;;;;;;;;;;;;;;;;
CDV - Reativar;;reativar;www.natura.com.br/c/gerais/ESPECIALH;;"*Promoção ""Ganhe 35%OFF na seleção de produtos"" válida até 31/07/2020 ou enquanto durarem os estoques. Aplicável apenas para clientes e produtos selecionados. Limitado a 1.000 utilizações. Exceto Presentes, Outlet, e Crer Para Ver.";;;;;;;;;;;;;;;;;;;;;;;
CDV - Impulsionar;;impulsionar;www.natura.com.br/c/gerais/selecao-3;;"*Promoção ""Seleção de produtos por R$59,00"" válida até 31/07/2020 ou enquanto durarem os estoques. Aplicável apenas para clientes e produtos selecionados.";;;;;;;;;;;;;;;;;;;;;;;
CDV- impulsionar- Homem;;impulsionarH;www.natura.com.br/c/selecao-especial;;"*Promoção ""Seleção de produtos por R$59,00"" válida até 31/07/2020 ou enquanto durarem os estoques. Aplicável apenas para clientes e produtos selecionados.";;;;;;;;;;;;;;;;;;;;;;;
CDV-reativar- Homem;;reativarH;www.natura.com.br/c/exclusivo12;;"*Promoção ""Ganhe 35%OFF na seleção de produtos"" válida até 31/07/2020 ou enquanto durarem os estoques. Aplicável apenas para clientes e produtos selecionados. Limitado a 1.000 utilizações. Exceto Presentes, Outlet, e Crer Para Ver.";;;;;;;;;;;;;;;;;;;;;;;
Perfumaria Masculina Descontos;CCG8 e CJB10;perfumariamasculinadescontos;www.natura.com.br/c/selecao-10;;;;;;;;;;;;;;;;;;;;;;;;;
Monte seu presente;;monteseupresente;www.natura.com.br/c/monte-seu-presente;;"*Promoção ""Monte seu presente"" válida por tempo limitado ou enquanto durarem os estoques. A seleção de produtos pode alterar durante o período da promoção.";;;;;;;;;;;;;;;;;;;;;;;
Hidratante de mãos;;hidratantedemaos;www.natura.com.br/c/cuidado-em-casa;;;;;;;;;;;;;;;;;;;;;;;;;
Produtos veganos;;produtosveganos;www.natura.com.br/c/veganos;;;;;;;;;;;;;;;;;;;;;;;;;
Deo Corporal;;deocorporal;www.natura.com.br/c/gerais/selecao-5;;;;;;;;;;;;;;;;;;;;;;;;;
Última chance;;ultimachance;www.natura.com.br/c/ultima-chance;;"*Promoção ""Última chance"" é válida até 26/05/2021 ou enquanto durarem os estoques.";;;;;;;;;;;;;;;;;;;;;;;
48 horas de promo;;48horas;www.natura.com.br/c/48-horas?;;;;;;;;;;;;;;;;;;;;;;;;;
Amostra;30/09;amostra ;www.natura.com.br/c/gerais/especial-para-voce?;;*Promoção válida até 05/10/2021 ou enquanto durarem os estoques. Frete grátis acima de R$99, exceto entrega expressa. Amostras nas compras acima de R$139, exceto em itens Crer para Ver.;;;;;;;;;;;;;;;;;;;;;;;
Dia das Crianças;;diadascrianças;www.natura.com.br/c/promocao-especial?;;;;;;;;;;;;;;;;;;;;;;;;;
Até 50%OFF;30/09;ofertasate50off;"www.natura.com.br/c/gerais/promocao-exclusiva
";;*Promoção válida até 31/10/2021 ou enquanto durarem os estoques. A seleção de produtos pode alterar durante o períoda da promoção.;;;;;;;;;;;;;;;;;;;;;;;
Progressivo;30/09;progressivo;www.natura.com.br/c/gerais/promocao-da-semana;;*Promoção válida até 31/10/2021 ou enquanto durare os estoques. A seleção de produtos pode alterar durante o períoda da promoção. O desconto será aplicado diretamente no carrinho.;;;;;;;;;;;;;;;;;;;;;;;
Kaiak25anos;;kaiak25anos;www.kaiak25anos.com.br;;*O Sorteio será realizado em 17/11/2021. Aguarde a divulgação dos premiados até 01/12/2021.;;;;;;;;;;;;;;;;;;;;;;;
Frete Grátis - Semana;até 02/05;fretegratis;www.natura.com.br/c/especial-frete?;;;;;;;;;;;;;;;;;;;;;;;;;
Presentes Pais;;presentespais;www.natura.com.br/dia-dos-pais;;;;;;;;;;;;;;;;;;;;;;;;;
Outono e Inverno;perene;outonoinverno;www.natura.com.br/c/especial-8;;*Promoção válida por tempo limitado ou enquanto durarem os estoques. A seleção de produtos pode variar durante o período da promoção.;;;;;;;;;;;;;;;;;;;;;;;
Fragrâncias de Sucesso;;campanhaperfumaria;www.natura.com.br/c/especial-perfumaria;;;;;;;;;;;;;;;;;;;;;;;;;
Primavera Verão;perene;primaveraverao;www.natura.com.br/c/exclusivo4;;;;;;;;;;;;;;;;;;;;;;;;;
Fim de Semana Beleza;;campanhabeleza;www.natura.com.br/c/fim-de-semana-da-beleza;;;;;;;;;;;;;;;;;;;;;;;;;
Kits Cuidados Diários ;;kitscuidados;www.natura.com.br/c/kits-cuidados-diarios;;;;;;;;;;;;;;;;;;;;;;;;;
Campanha Detox;;detox;www.natura.com.br/c/tudo-em-rosto;;;;;;;;;;;;;;;;;;;;;;;;;
Promo relâmpago;;promorelampago;www.natura.com.br/c/gerais/beneficio-natura;;*Promoção válida por tempo limitado ou enquanto durarem os estoques. O produto pode variar durante o período da promoção.;;;;;;;;;;;;;;;;;;;;;;;
Sugestao de presente;;sugestaodepresente;www.natura.com.br/c/sugestoes-de-presentes;;;;;;;;;;;;;;;;;;;;;;;;;
Presentesmasculinos;;presentesmasculinos;www.natura.com.br/c/presentes/presentes-masculinos;;;;;;;;;;;;;;;;;;;;;;;;;
Pra usar e abusar;;useeabuse;www.natura.com.br/c/gerais/promoexclusiva;;;;;;;;;;;;;;;;;;;;;;;;;
Movimento Verão;;movimentoverao;www.natura.com.br/c/verao;;;;;;;;;;;;;;;;;;;;;;;;;
Segunda Refil;perene;segundarefil;www.natura.com.br/c/especial-9;;*Promoção válida por tempo limitado ou enquanto durarem os estoques. A seleção de produtos pode variar durante o período da promoção.;;;;;;;;;;;;;;;;;;;;;;;
Happy Weekend;perene;happyweekend;www.natura.com.br/c/selecao-13;;*Promoção válida por tempo limitado ou enquanto durarem os estoques. A seleção de produtos pode variar durante o período da promoção.;;;;;;;;;;;;;;;;;;;;;;;
Singu;;parceirosingu;www.natura.com.br/parceiros/singu;;*Promoção válida por tempo limitado ou enquanto durarem os estoques. A seleção de produtos pode variar durante o período da promoção.;;;;;;;;;;;;;;;;;;;;;;;
Presenteie com natura;;presentei;www.natura.com.br/c/presenteie-com-natura?;;;;;;;;;;;;;;;;;;;;;;;;;
Ação CeA;;ceaenatura;appcea.onelink.me/2RmC/CEAeNATURA;;;;;;;;;;;;;;;;;;;;;;;;;
Blog nova era letrux;blog;blognovaeraletrux;www.natura.com.br/blog/mais-natura/a-nova-era-de-letrux;;;;;;;;;;;;;;;;;;;;;;;;;
Blog como saber bebe com frio;blog;blogbebecomfrio;www.natura.com.br/blog/familia/como-saber-se-o-bebe-esta-com-frio;;;;;;;;;;;;;;;;;;;;;;;;;
Blog coronavirus veja 6 atitudes simples para ajudar quem precisa;blog;blogcoronavirusajudar;www.natura.com.br/blog/cuidar-da-rede-de-relacoes/novo-coronavirus-veja-6-atitudes-simples-para-ajudar-a-quem-precisa;;;;;;;;;;;;;;;;;;;;;;;;;
Blog cabelo platinado;blog;blogcabeloplatinado;www.natura.com.br/blog/cabelo/cabelo-platinado-veja-os-cuidados-para-manter-a-saude-dos-fios;;;;;;;;;;;;;;;;;;;;;;;;;
Blog creme para área dos olhos;blog;blogcremeparaolhos;www.natura.com.br/blog/pele/creme-para-area-dos-olhos-como-cuidar-dessa-regiao-do-rosto;;;;;;;;;;;;;;;;;;;;;;;;;
Blog como hidratar o cabelo masculino;blog;blogcomohidratarocabelomasculino;www.natura.com.br/blog/homem/como-hidratar-o-cabelo-masculino;;;;;;;;;;;;;;;;;;;;;;;;;
Blog Hidratante e fragrancia;blog;bloghidratanteefragrancia;www.natura.com.br/blog/perfumaria/hidratante-e-fragrancia-escolha-a-dupla-perfeita-para-sua-pele;;;;;;;;;;;;;;;;;;;;;;;;;
Blog Antioxidante saiba o que é e quais os beneficios para a pele;blog;blogbeneficiosparaapele;www.natura.com.br/blog/pele/antioxidante-saiba-o-que-e-e-quais-os-beneficios-para-a-pele;;;;;;;;;;;;;;;;;;;;;;;;;
Blog: SPA EM CASA: HIDRATE AS MÃOS E RELAXE COM ESTE RITUAL;blog;blogspaemcasa;www.natura.com.br/blog/saude-e-bem-estar/spa-em-casa-hidrate-as-maos-e-relaxe-com-este-ritual;;;;;;;;;;;;;;;;;;;;;;;;;
Blog Acne: o que é mito e o que é verdade;blog;blogacneoqueemito;www.natura.com.br/blog/pele/acne-o-que-e-mito-e-o-que-e-verdade-no-tratamento-contra-a-espinha;;;;;;;;;;;;;;;;;;;;;;;;;
Blog isoladas sim sozinhas nunca;blog;blogsozinhasnunca;www.natura.com.br/isoladas-sim-sozinhas-nao;;;;;;;;;;;;;;;;;;;;;;;;;
Blog malhar em casa;blog;blogmalharemcasa;www.natura.com.br/blog/saude-e-bem-estar/malhar-em-casa-da-certo-veja-dicas-para-sair-do-sofa;;;;;;;;;;;;;;;;;;;;;;;;;
Como combater a insonia;blog;blogcomocombaterainsonia;www.natura.com.br/blog/saude-e-bem-estar/como-combater-a-insonia-faca-da-meditacao-sua-aliada;;;;;;;;;;;;;;;;;;;;;;;;;
Presentes Personalizaveis;blog;blogpresentespersonalizaveis;www.natura.com.br/blog/pele/presentes-personalizaveis-o-seu-toque-faz-a-diferenca;;;;;;;;;;;;;;;;;;;;;;;;;
Dia das mães mesmo de longe;blog;blogdiadasmaes;www.natura.com.br/blog/mais-natura/dia-das-maes-mesmo-longe-voce-pode-estar-perto-na-data;;;;;;;;;;;;;;;;;;;;;;;;;
Presentes lancamentos;blog;blogpresenteslancamentos;www.natura.com.br/blog/mais-natura/presentes-lancamentos-e-opcoes-exclusivas-em-perfumaria-para-quem-e-especial;;;;;;;;;;;;;;;;;;;;;;;;;
Presentes para diferentes estilos;blog;blogpresentesparadiferentesestilos;www.natura.com.br/blog/perfumaria/presentes-para-diferentes-estilos-sofisticada-moderna-ou-pratica;;;;;;;;;;;;;;;;;;;;;;;;;
Massagem facial aprenda como fazer;blog;blogmassagemfacial;www.natura.com.br/blog/saude-e-bem-estar/massagem-facial-aprenda-como-fazer-e-conheca-os-beneficios;;;;;;;;;;;;;;;;;;;;;;;;;
Presentes a partir de R$20,90;blog;blogpresentesapartir;www.natura.com.br/blog/perfumaria/presentes-a-partir-de-r-20-90-veja-opcoes-por-faixa-de-preco;;;;;;;;;;;;;;;;;;;;;;;;;
Blog Presente para cada estilo de mãe;blog;blogpresenteparacadamae;www.natura.com.br/blog/mais-natura/presentes-para-cada-estilo-de-mae;;;;;;;;;;;;;;;;;;;;;;;;;
Blog meditacao aplicativo;blog;blogmeditacaoapp;www.natura.com.br/blog/mais-natura/meditacao-natura-conheca-nosso-aplicativo-para-meditar-a-qualquer-hora;;;;;;;;;;;;;;;;;;;;;;;;;
Novo coronavirus como lidar com a ansiedade na pandemia;blog;blogcomolidarcomaansiedade;www.natura.com.br/blog/saude-e-bem-estar/novo-coronavirus-como-lidar-com-a-ansiedade-na-pandemia;;;;;;;;;;;;;;;;;;;;;;;;;
Presentes Veganos;blog;blogpresentesveganos;www.natura.com.br/blog/mais-natura/presentes-veganos-escolhas-conscientes-com-afeto;;;;;;;;;;;;;;;;;;;;;;;;;
Ekos ativos;blog;blogekosativos;www.natura.com.br/blog/sustentabilidade/natura-ekos-conheca-os-ativos-de-cada-hidratante;;;;;;;;;;;;;;;;;;;;;;;;;
Cuidar da rede de relações;blog;blogcuidardaredederelações;www.natura.com.br/blog/cuidar-da-rede-de-relacoes/violencia-domestica-como-denunciar;;;;;;;;;;;;;;;;;;;;;;;;;
Como escolher maquiagem de presente;blog;blogcomoescolhermaquiagemdepresente;www.natura.com.br/blog/maquiagem/como-escolher-maquiagem-de-presente;;;;;;;;;;;;;;;;;;;;;;;;;
Lápis de olho vejas dicas;blog;bloglapisdeolhovejadicas;www.natura.com.br/blog/maquiagem/lapis-de-olho-veja-dicas-de-aplicacao-e-truques-para-transformar-o-olhar;;;;;;;;;;;;;;;;;;;;;;;;;
Rotina com a pele;blog;blogrotinacomapele;www.natura.com.br/blog/pele/entenda-a-importancia-de-uma-rotina-de-cuidados-com-a-pele;;;;;;;;;;;;;;;;;;;;;;;;;
Consultora de beleza Natura;blog;blogconsultoradebelezanatura;www.natura.com.br/blog/incentivar-a-circulacao-da-economia/consultora-de-beleza-natura-sabia-que-da-para-comprar-on-line-com-a-sua;;;;;;;;;;;;;;;;;;;;;;;;;
Higenização das mãos;blog;bloghigenizacaodasmaos;www.natura.com.br/blog/saude-e-bem-estar/higienizacao-das-maos-com-alcool-gel-8-mitos-e-verdades;;;;;;;;;;;;;;;;;;;;;;;;;
Blog Massagem Capilar;blog;blogmassagemcapilar;www.natura.com.br/blog/cabelo/massagem-capilar-veja-quais-sao-os-beneficios-e-como-fazer;;;;;;;;;;;;;;;;;;;;;;;;;
Blog Mito ou verdade lavar os cabelos todos os dias faz mal;blog;blogcabelomitoouverdade;www.natura.com.br/blog/cabelo/mito-ou-verdade-lavar-o-cabelo-todo-dia-faz-mal;;;;;;;;;;;;;;;;;;;;;;;;;
Novo Coronavírus: formas de transmissão do vírus;blog;blognovocoronavirus;www.natura.com.br/blog/cuidar-da-rede-de-relacoes/novo-coronavirus-formas-de-transmissao-do-virus-e-cuidados-no-mercado;;;;;;;;;;;;;;;;;;;;;;;;;
Como fazer as unhas em casa;blog;blogcomofazerasunhasemcasa;www.natura.com.br/blog/maquiagem/como-fazer-unhas-em-casa;;;;;;;;;;;;;;;;;;;;;;;;;
Blog LP Mulher Maravilha 1;Mulher maravilha;blog1lpmulhermaravilha;www.natura.com.br/blog/cabelo/mito-ou-verdade-lavar-o-cabelo-todo-dia-faz-mal;;;;;;;;;;;;;;;;;;;;;;;;;
Blog LP Mulher Maravilha 2;Mulher maravilha;blog2lpmulhermaravilha;www.natura.com.br/blog/pele/como-fechar-os-poros-do-rosto;;;;;;;;;;;;;;;;;;;;;;;;;
Blog LP Meryl Streep 1;meryl streep;blog1merylstreep;www.natura.com.br/blog/cabelo/por-que-os-cabelos-ficam-brancos;;;;;;;;;;;;;;;;;;;;;;;;;
Blog LP Meryl Streep 2;meryl streep;blog2merylstreep;www.natura.com.br/blog/pele/como-passar-creme-no-rosto-corretamente-e-evitar-desperdicios;;;;;;;;;;;;;;;;;;;;;;;;;
Blog LP Penepole Cheirosa 1;penelope cheirosa;blog1penelopecheirosa;www.natura.com.br/blog/perfumaria/como-combinar-fragrancias-faca-a-escolha-perfeita-para-sua-pele;;;;;;;;;;;;;;;;;;;;;;;;;
Blog LP Penepole Cheirosa 2;penelope cheirosa;blog2penelopecheirosa;www.natura.com.br/blog/cabelo/nutricao-capilar-o-que-e-e-como-fazer;;;;;;;;;;;;;;;;;;;;;;;;;
Blog LP Mulher Elastica 1;mulher elastica;blog1lpmulhermaravilha;www.natura.com.br/blog/pele/tratamento-para-flacidez-o-que-fazer-para-manter-a-firmeza-da-pele;;;;;;;;;;;;;;;;;;;;;;;;;
Blog LP Mulher Elastica 2;mulher elastica;blog2lpmulhermaravilha;www.natura.com.br/blog/pele/protetor-solar-infantil-veja-como-proteger-a-pele-das-criancas;;;;;;;;;;;;;;;;;;;;;;;;;
COMO LIMPAR PINCÉIS DE MAQUIAGEM;blog;blogcomolimparpinceis;www.natura.com.br/blog/maquiagem/como-limpar-pinceis-de-maquiagem;;;;;;;;;;;;;;;;;;;;;;;;;
COMO SE PREVENIR DO CORONAVÍRUS AO CHEGAR EM CASA;blog;blogprevencaocorona;www.natura.com.br/blog/saude-e-bem-estar/como-se-prevenir-do-coronavirus-ao-chegar-em-casa;;;;;;;;;;;;;;;;;;;;;;;;;
Itens essenciais de maquiagem;blog;blogitensessenciasdemaquiagem;www.natura.com.br/blog/maquiagem/5-itens-essenciais-de-maquiagem-para-ter-no-necessaire;;;;;;;;;;;;;;;;;;;;;;;;;
Skincare e música;blog;blogskincareemusica;www.natura.com.br/blog/maquiagem/skincare-e-musica-essa-combinacao-e-um-gesto-de-autocuidado;;;;;;;;;;;;;;;;;;;;;;;;;
Novo coronavírus: como falar sobre a pandemia com as criancas;blog;blognovocoronaviruscomofalar;www.natura.com.br/blog/familia/novo-coronavirus-como-falar-sobre-a-pandemia-com-as-criancas;;;;;;;;;;;;;;;;;;;;;;;;;
Essencial: fragrâncias são feitas com ingredientes nobres;blog;blogessencialfragrâncias;www.natura.com.br/blog/perfumaria/essencial-fragrancias-sao-feitas-com-ingredientes-nobres-da-perfumaria;;;;;;;;;;;;;;;;;;;;;;;;;
Refil: três benefícios dessa alternativa como embalagem de cosmético;blog;blogrefil;www.natura.com.br/blog/sustentabilidade/refil-tres-beneficios-dessa-alternativa-como-embalagem-de-cosmetico;;;;;;;;;;;;;;;;;;;;;;;;;
Presentes;blog;blogpresentes;www.natura.com.br/blog/perfumaria/presentes-que-proporcionam-experiencias-sao-um-gesto-de-carinho;;;;;;;;;;;;;;;;;;;;;;;;;
Dia dos namorados;blog;blogdiadosnamorados;www.natura.com.br/blog/mais-natura/dia-dos-namorados-22-sugestoes-de-presentes-para-todos-os-signos;;;;;;;;;;;;;;;;;;;;;;;;;
Sono do bebê;blog;blogsonodobebe;www.natura.com.br/blog/familia/sono-do-bebe-5-dicas-para-organizar-uma-rotina;;;;;;;;;;;;;;;;;;;;;;;;;
Blog geral;blog;bloggeral;www.natura.com.br/blog;;;;;;;;;;;;;;;;;;;;;;;;;
rotina essencial cuidados;blog;blogessencialcuidados;www.natura.com.br/blog/pele/conheca-a-rotina-essencial-de-cuidados-com-o-corpo;;;;;;;;;;;;;;;;;;;;;;;;;
cuidados com a pele em cada fase;blog;blogcuidadoscomapelefase;www.natura.com.br/blog/pele/cuidados-com-a-pele-em-cada-fase-da-vida;;;;;;;;;;;;;;;;;;;;;;;;;
hidratante para cada parte do corpo;blog;bloghidratanteparacadaparte;www.natura.com.br/blog/pele/o-hidratante-certo-para-cada-parte-do-corpo;;;;;;;;;;;;;;;;;;;;;;;;;
Blog oleo de banho mito ou verdade;blog;blogoleodebanhomitoverdade;www.natura.com.br/blog/pele/oleo-de-banho-e-aliado-da-hidratacao-veja-mitos-e-verdades;;;;;;;;;;;;;;;;;;;;;;;;;
Blog fragrancia e ocasiao;blog;blogfragranciaseocasioes;www.natura.com.br/blog/perfumaria/fragrancias-para-ocasioes-especiais-conheca-as-nossas-opcoes;;;;;;;;;;;;;;;;;;;;;;;;;
blog skincare e maquiagem;blog;blogskincareemaquiagem;www.natura.com.br/blog/pele/skincare-e-maquiagem-entenda-como-a-rotina-de-cuidados-influencia-no-resultado-da-make;;;;;;;;;;;;;;;;;;;;;;;;;
Blog creme antissinais;blog;blogcremeantissinais;www.natura.com.br/blog/pele/creme-antissinais-como-escolher-o-melhor-para-cada-faixa-etaria;;;;;;;;;;;;;;;;;;;;;;;;;
Blog maquiagem na quarentena;blog;blogmaquiagemnaquarentena;www.natura.com.br/blog/maquiagem/maquiagem-na-quarentena-5-dicas-para-colocar-em-pratica-no-isolamento;;;;;;;;;;;;;;;;;;;;;;;;;
Blog Diário da gratidão;blog;blogdiariodagratidao;www.natura.com.br/blog/saude-e-bem-estar/diario-da-gratidao-como-escrever-pode-ajudar-a-enfrentar-a-pandemia;;;;;;;;;;;;;;;;;;;;;;;;;
Blog maquigem para chamada de vídeo;blog;blogmaquiagemparachamadadevideo;www.natura.com.br/blog/maquiagem/maquiagem-para-chamada-de-video-6-dicas-infaliveis;;;;;;;;;;;;;;;;;;;;;;;;;
Blog Balm: produtos e dicas de como hidratar a barba;blog;blogbalm;www.natura.com.br/blog/homem/balm-produtos-e-dicas-de-como-hidratar-a-barba;;;;;;;;;;;;;;;;;;;;;;;;;
Blog Como hidratar o cabelo masculino;blog;bloghidratacaocabelomasculino;www.natura.com.br/blog/homem/como-hidratar-o-cabelo-masculino;;;;;;;;;;;;;;;;;;;;;;;;;
Blog Autoconhecimento;blog;blogautoconhecimento;www.natura.com.br/blog/saude-e-bem-estar/saude-mental-na-quarentena-como-exercitar-o-autoconhecimento-para-lidar-com-as-emocoes;;;;;;;;;;;;;;;;;;;;;;;;;
Blog Franquia pertinho de você;blog;blogfranquianatura;www.natura.com.br/blog/incentivar-a-circulacao-da-economia/aqui-tem-natura-tem-sempre-uma-franquia-pertinho-de-voce;;;;;;;;;;;;;;;;;;;;;;;;;
Blog Comprar maquiagem pela internet;blog;blogcomprarmaquiageminternet;www.natura.com.br/blog/maquiagem/como-comprar-maquiagem-pela-internet-sem-erro;;;;;;;;;;;;;;;;;;;;;;;;;
Blog Como cuidar de si e do outro na quarentena;blog;blogcomocuidardesiedooutro;www.natura.com.br/blog/saude-e-bem-estar/esta-em-casa-veja-produtos-para-rituais-de-relaxamento-e-bem-estar;;;;;;;;;;;;;;;;;;;;;;;;;
Blog Como apoiar o aprendizado do filho;blog;blogcomoapoiaroaprendizado;www.natura.com.br/blog/familia/como-apoiar-o-aprendizado-e-o-desenvolvimento-dos-filhos-durante-a-quarentena;;;;;;;;;;;;;;;;;;;;;;;;;
Blog rituais de relaxamento em casa;blog;blogrituaisemcasa;www.natura.com.br/blog/saude-e-bem-estar/esta-em-casa-veja-produtos-para-rituais-de-relaxamento-e-bem-estar;;;;;;;;;;;;;;;;;;;;;;;;;
Blog Finalizador de cabelo;blog;blogfinalizadordecabelo;www.natura.com.br/blog/cabelo/finalizador-de-cabelo-veja-como-usar-e-completar-o-look;;;;;;;;;;;;;;;;;;;;;;;;;
Blog hidratação das mãos;blog;bloghidratacaodasmaos;www.natura.com.br/blog/pele/hidratacao-das-maos-tire-suas-duvidas-com-dermatologistas;;;;;;;;;;;;;;;;;;;;;;;;;
Blog drenagem facial;blog;blogdrenagemfacial;www.natura.com.br/blog/saude-e-bem-estar/drenagem-facial-veja-o-passo-a-passo-para-fazer-em-casa;;;;;;;;;;;;;;;;;;;;;;;;;
Blog fragrancias masculinas;blog;blogfragranciasmasculinas;www.natura.com.br/blog/perfumaria/fragrancias-masculinas-para-ocasioes-especiais-escolha-a-sua;;;;;;;;;;;;;;;;;;;;;;;;;
Blog Inverno é tempo de se cuidar;blog;bloginvernoetempodesecuidar;www.natura.com.br/blog/saude-e-bem-estar/inverno-e-tempo-de-se-cuidar-veja-dicas-para-o-corpo-e-a-mente?consultoria=dansantos;;;;;;;;;;;;;;;;;;;;;;;;;
Blog como e onde guardar o perfume;blog;blogcomoguardaroperfume;www.natura.com.br/blog/perfumaria/como-e-onde-voce-guarda-o-seu-perfume-preferido;;;;;;;;;;;;;;;;;;;;;;;;;
Blog oleo de banho mito ou verdade;blog;blogoleodebanhomitoverdade;www.natura.com.br/blog/pele/oleo-de-banho-e-aliado-da-hidratacao-veja-mitos-e-verdades-sobre-o-produto;;;;;;;;;;;;;;;;;;;;;;;;;
Blog amazonia ekos;blog;blogamazoniaekos;www.natura.com.br/blog/sustentabilidade/amazoniaekos;;;;;;;;;;;;;;;;;;;;;;;;;
Blog como cuidar do cabelo na quarentena;blog;blogcomocuidardocabelo;www.natura.com.br/blog/cabelo/como-cuidar-do-cabelo-fios-hidratados-e-saudaveis-na-quarentena;;;;;;;;;;;;;;;;;;;;;;;;;
Blog dia dos pais: veja presentes que são um convite;blog;blogdiadospais;www.natura.com.br/blog/mais-natura/dia-dos-pais-veja-presentes-que-sao-um-convite-ao-autocuidado;;;;;;;;;;;;;;;;;;;;;;;;;
Blog presente de dia dos pais para diferentes estilos;blog;blogdiadospais;www.natura.com.br/blog/mais-natura/presentes-de-dia-dos-pais-para-diferentes-estilos-pratico-moderno-e-sofisticado;;;;;;;;;;;;;;;;;;;;;;;;;
Blog dia dos pais: presentes a partir de R$27,90;blog;blogdiadospais;www.natura.com.br/blog/mais-natura/dia-dos-pais-presentes-a-partir-de-r-27-90;;;;;;;;;;;;;;;;;;;;;;;;;
Blog família kaiak;blog;blogfamiliakaiak;www.natura.com.br/blog/perfumaria/familia-kaiak-encontre-a-fragrancia-refrescante-perfeita-para-voce;;;;;;;;;;;;;;;;;;;;;;;;;
Blog guia do autoabraço;blog;blogautoabraco;www.natura.com.br/blog/saude-e-bem-estar/guia-do-autoabraco-como-reinventar-demonstracoes-de-carinho;;;;;;;;;;;;;;;;;;;;;;;;;
Blog conheça a família de fragrâncias chipre;blog;blogconheçaafamília;www.natura.com.br/blog/perfumaria/luna-conheca-a-familia-de-fragrancias-chipre-da-natura;;;;;;;;;;;;;;;;;;;;;;;;;
Blog guia autoabraço;blog;blogguiaautoabraço;www.natura.com.br/blog/saude-e-bem-estar/guia-do-autoabraco-como-reinventar-demonstracoes-de-carinho;;;;;;;;;;;;;;;;;;;;;;;;;
Blog presentes com causa;blog;blogpresentescomcausa;www.natura.com.br/blog/presentes/presentes-com-causas-faca-escolhas-mais-conscientes;;;;;;;;;;;;;;;;;;;;;;;;;
Blog Natura Humor + Heineken;blog;blognaturaeheineken;www.natura.com.br/blog/sustentabilidade/natura-transforma-copos-plasticos-usados-em-embalagens-de-humor;;;;;;;;;;;;;;;;;;;;;;;;;
Blog Kaiak Oceano;blog;blogkaiakoceano;www.natura.com.br/blog/sustentabilidade/embalagem-de-kaiak-oceano-contem-plastico-retirado-do-litoral-brasileiro;;;;;;;;;;;;;;;;;;;;;;;;;
Blog Ajude a Amazônia e o Pantanal;blog;blogqueimadas;www.natura.com.br/blog/sustentabilidade/queimadas-no-pantanal-e-na-amazonia-saiba-como-se-informar-e-ajudar;;;;;;;;;;;;;;;;;;;;;;;;;
Blog família Luna;blog;blogfamilialuna;www.natura.com.br/blog/perfumaria/luna-conheca-a-familia-de-fragrancias-chipre-da-natura;;;;;;;;;;;;;;;;;;;;;;;;;
Blog Logística Reversa;blog;bloglogisticareversa;www.natura.com.br/blog/sustentabilidade/natura-e-the-body-shop-lancam-programa-de-logistica-reversa-de-embalagens;;;;;;;;;;;;;;;;;;;;;;;;;
Blog Produtos Veganos;blog;blogprodutosveganos;www.natura.com.br/blog/sustentabilidade/dia-do-veganismo-9-produtos-para-voce-usar-da-cabeca-aos-pes;;;;;;;;;;;;;;;;;;;;;;;;;
Blog Coleção Luz de Una;blog;blogcolecaoluz;www.natura.com.br/blog/maquiagem/una-sua-luz-propria-com-o-brilho-mais-fascinante-com-a-nova-colecao-luz-de-natura-una;;;;;;;;;;;;;;;;;;;;;;;;;
Blog Amigo secreto à distância;blog;blogamigosecreto;www.natura.com.br/blog/presentes/como-planejar-um-amigo-secreto-a-distancia-de-maneira-criativa;;;;;;;;;;;;;;;;;;;;;;;;;
Blog Novo delineador Pell Off Una;blog;blogdelineadoruna;www.natura.com.br/blog/maquiagem/una-o-realce-do-olhar-a-vontade-de-ousar-com-o-novo-delineador-matte-peel-off-de-una;;;;;;;;;;;;;;;;;;;;;;;;;
Blog Como comprar por comando de voz;blog;blogcomandodevoz;www.natura.com.br/blog/inovacao/ok-google-falar-com-natura-saiba-como-comprar-por-comando-de-voz;;;;;;;;;;;;;;;;;;;;;;;;;
Blog Três vezes Natura - Empresa B;blog;blogempresab;www.natura.com.br/blog/mais-natura/tres-vezes-natura;;;;;;;;;;;;;;;;;;;;;;;;;
Blog Como cuidar dos fios;blog;blogfiossaudaveisquarentena;www.natura.com.br/blog/cabelo/como-cuidar-do-cabelo-fios-hidratados-e-saudaveis-na-quarentena-0;;;;;;;;;;;;;;;;;;;;;;;;;
Blog Tipos de barba;blog;blogtiposdebarba;www.natura.com.br/blog/homem/tipos-de-barba;;;;;;;;;;;;;;;;;;;;;;;;;
Blog 7 Produtos Cuidados Masculinos;blog;blog7masculinos;www.natura.com.br/blog/homem/7-produtos-de-cuidados-diarios-do-homem-moderno;;;;;;;;;;;;;;;;;;;;;;;;;
Blog Inauguração Loja Oscar Freire;blog;bloglojaoscarfreire;www.natura.com.br/blog/mais-natura/natura-inaugura-loja-conceito-na-rua-oscar-freire-em-sao-paulo;;;;;;;;;;;;;;;;;;;;;;;;;
Blog Movimento Blue Beauty;blog;blogbluebeauty;www.natura.com.br/blog/sustentabilidade/blue-beauty-o-que-esse-movimento-tem-a-ver-com-sua-rotina-de-beleza;;;;;;;;;;;;;;;;;;;;;;;;;
Blog Cheiro Digital;blog;blogcheirodigital;www.natura.com.br/blog/perfumaria/perfumaria-natura-lanca-dispositivo-de-cheiro-digital;;;;;;;;;;;;;;;;;;;;;;;;;
Blog Necessaire ideal para o Verão;blog;blognecessaireverao;www.natura.com.br/blog/pele/o-necessaire-ideal-para-o-seu-verao;;;;;;;;;;;;;;;;;;;;;;;;;
Blog Tododia Fragrâncias de Verão;blog;blogtododiaverao;www.natura.com.br/blog/pele/natura-tododia-lanca-fragrancias-especiais-para-o-verao;;;;;;;;;;;;;;;;;;;;;;;;;
Blog Habitos conscientes;blog;bloghabitosconscientes;www.natura.com.br/blog/sustentabilidade/consumo-consciente-5-dicas-para-adotar-habitos-sustentaveis-e-cuidar-do-planeta;;;;;;;;;;;;;;;;;;;;;;;;;
Blog Pedro HMC;blog;blogpedrohmc;www.natura.com.br/blog/homem/pedro-hmc-fala-sobre-como-quebrar-o-silencio-e-expor-seus-sentimentos;;;;;;;;;;;;;;;;;;;;;;;;;
Blog União que transforma;blog;bloguniao;www.natura.com.br/blog/sustentabilidade/a-uniao-que-transforma;;;;;;;;;;;;;;;;;;;;;;;;;
Blog O que é body splash;blog;blogbodysplash;www.natura.com.br/blog/perfumaria/o-que-e-body-splash-e-como-usar-no-seu-dia-a-dia;;;;;;;;;;;;;;;;;;;;;;;;;
Blog Maquiagem de verão ;blog;blogmakeverao;www.natura.com.br/blog/maquiagem/maquiagem-de-verao-veja-3-ideias-de-looks-para-a-estacao;;;;;;;;;;;;;;;;;;;;;;;;;
Blog Produtos que ajudam o meio ambiente;blog;blogprodutosmeioambiente;www.natura.com.br/blog/sustentabilidade/natura-voce-e-produtos-que-ajudam-o-meio-ambiente;;;;;;;;;;;;;;;;;;;;;;;;;
Blog Presentes Natura Autocuidado ;blog;blogpresentesautocuidado;www.natura.com.br/blog/presentes/presentes-natura-para-estimular-o-autocuidado-de-quem-voce-gosta;;;;;;;;;;;;;;;;;;;;;;;;;
Blog O Presente Ideal de Cada Signo;blog;blogpresentesigno;www.natura.com.br/blog/presentes/o-presente-ideal-para-cada-signo-confira-opcoes;;;;;;;;;;;;;;;;;;;;;;;;;
Blog Presente para o dia dos namorados: veja as opções...;blog;blogpresentesnamorados;www.natura.com.br/blog/presentes/presente-para-o-dia-dos-namorados;;;;;;;;;;;;;;;;;;;;;;;;;
Blog Dia dos namorados: 7 presentes;blog;blognamorados7presentes;www.natura.com.br/blog/presentes/dia-dos-namorados-7-presentes-7-experiencias;;;;;;;;;;;;;;;;;;;;;;;;;
Blog Glow Up: seu brilho de dentro pra fora;blog;blogglow;www.natura.com.br/blog/pele/glow-up;;;;;;;;;;;;;;;;;;;;;;;;;
Blog Detox Capilar ;blog;blogdetox;www.natura.com.br/blog/cabelo/detox-capilar;;;;;;;;;;;;;;;;;;;;;;;;;
Blog Familia Kaiak Fem;blog;blogfamiliakaiakfem;www.natura.com.br/blog/perfumaria/familia-kaiak-as-fragrancias-femininas-da-linha;;;;;;;;;;;;;;;;;;;;;;;;;
Blog Essencial Para Escolher ;blog;blogessencialparaescolher;www.natura.com.br/blog/perfumaria/essencial-na-duvida-para-escolher-sua-fragrancia-preferida-conheca-a-experiencia-perfumada;;;;;;;;;;;;;;;;;;;;;;;;;
Blog Perfume Doces;blog;blogperfumedoces;www.natura.com.br/blog/perfumaria/perfumes-doces-8-opcoes-para-voce-se-deliciar;;;;;;;;;;;;;;;;;;;;;;;;;
Blog Fragrância durar mais;blog;blogfragranciadurarmais;www.natura.com.br/blog/perfumaria/como-fazer-a-fragrancia-durar-mais-veja-7-mitos-e-verdades-sobre-fixacao;;;;;;;;;;;;;;;;;;;;;;;;;
Blog 5 mitos sobre agua micelar;blog;blogaguamicelar;www.natura.com.br/blog/pele/5-mitos-e-verdades-sobre-agua-micelar;;;;;;;;;;;;;;;;;;;;;;;;;
Blog creme para área dos olhos;blog;blogcremeolhos;www.natura.com.br/blog/pele/creme-para-area-dos-olhos-como-cuidar-dessa-regiao-do-rosto;;;;;;;;;;;;;;;;;;;;;;;;;
Blog colágeno;blog;blogcolageno;www.natura.com.br/blog/pele/colageno-entenda-como-ele-e-fundamental-para-sua-pele;;;;;;;;;;;;;;;;;;;;;;;;;
Blog esfoliar o rosto;blog;blogesfoliarorosto;www.natura.com.br/blog/pele/esfoliar-o-rosto-por-que-adotar-esse-cuidado-na-sua-rotina;;;;;;;;;;;;;;;;;;;;;;;;;
Blog oleoseve como usar;blog;blogautocuidado;www.natura.com.br/blog/pele/oleo-seve-como-usar-e-incluir-no-seu-ritual-de-autocuidado;;;;;;;;;;;;;;;;;;;;;;;;;
Blog crianca precisa de cosmetico;blog;blogcriancaprecisa;www.natura.com.br/blog/familia/crianca-precisa-de-cosmetico-especifico-sim;;;;;;;;;;;;;;;;;;;;;;;;;
Blog maquiagem una;blog;blogmaquiagemuna;www.natura.com.br/blog/maquiagem/una-sua-sobrancelha-deslumbrante-e-atemporal;;;;;;;;;;;;;;;;;;;;;;;;;
Blog crono capilar;blog;blogcronocapilar;www.natura.com.br/blog/cabelo/cronograma-capilar;;;;;;;;;;;;;;;;;;;;;;;;;
Blog shaggy hair;blog;blogshaggyhair;www.natura.com.br/blog/cabelo/shaggy-hair;;;;;;;;;;;;;;;;;;;;;;;;;
Blog pele rugas;blog;blogpelerugas;www.natura.com.br/blog/pele/rugas;;;;;;;;;;;;;;;;;;;;;;;;;
Blog ingredientes acai;blog;blogingredientesacai;www.natura.com.br/blog/ingredientes/acai;;;;;;;;;;;;;;;;;;;;;;;;;
Blog pele passo a passo skincare;blog;blogpelepassoapassoskincare;www.natura.com.br/blog/pele/passo-a-passo-skincare;;;;;;;;;;;;;;;;;;;;;;;;;
Blog 7 produtos infaliveis para sua rotina;blog;blog7produtosinfaliveisparasuarotina;www.natura.com.br/blog/pele/7-produtos-infaliveis-para-sua-rotina-de-cuidados-em-casa;;;;;;;;;;;;;;;;;;;;;;;;;
Blog agua micelar;blog;blogaguamicelar;www.natura.com.br/blog/pele/agua-micelar;;;;;;;;;;;;;;;;;;;;;;;;;
Blog como nossas fragrancias despertam;blog;blogcomonossasfragranciasdespertam;www.natura.com.br/blog/perfumaria/como-nossas-fragrancias-despertam-sensacoes-atraves-da-neurociencia;;;;;;;;;;;;;;;;;;;;;;;;;
Blog 5 DICAS PARA CUIDAR DA PELE NO VERÃO;blog;blogverao;www.natura.com.br/blog/pele/cuidados-com-a-pele-no-verao;;;;;;;;;;;;;;;;;;;;;;;;;
;;;;;;;;;;;;;;;;;;;;;;;;;;;;
;;;;;;;;;;;;;;;;;;;;;;;;;;;;
;;;;;;;;;;;;;;;;;;;;;;;;;;;;
;;;;;;;;;;;;;;;;;;;;;;;;;;;;
;;;;;;;;;;;;;;;;;;;;;;;;;;;;
;;;;;;;;;;;;;;;;;;;;;;;;;;;;
;;;;;;;;;;;;;;;;;;;;;;;;;;;;
;;;;;;;;;;;;;;;;;;;;;;;;;;;;
;;;;;;;;;;;;;;;;;;;;;;;;;;;;
;;;;;;;;;;;;;;;;;;;;;;;;;;;;
;;;;;;;;;;;;;;;;;;;;;;;;;;;;
;;;;;;;;;;;;;;;;;;;;;;;;;;;;
;;;;;;;;;;;;;;;;;;;;;;;;;;;;
;;;;;;;;;;;;;;;;;;;;;;;;;;;;
;;;;;;;;;;;;;;;;;;;;;;;;;;;;
;;;;;;;;;;;;;;;;;;;;;;;;;;;;
;;;;;;;;;;;;;;;;;;;;;;;;;;;;
;;;;;;;;;;;;;;;;;;;;;;;;;;;;
;;;;;;;;;;;;;;;;;;;;;;;;;;;;
;;;;;;;;;;;;;;;;;;;;;;;;;;;;
;;;;;;;;;;;;;;;;;;;;;;;;;;;;
;;;;;;;;;;;;;;;;;;;;;;;;;;;;
;;;;;;;;;;;;;;;;;;;;;;;;;;;;
;;;;;;;;;;;;;;;;;;;;;;;;;;;;
;;;;;;;;;;;;;;;;;;;;;;;;;;;;
;;;;;;;;;;;;;;;;;;;;;;;;;;;;
;;;;;;;;;;;;;;;;;;;;;;;;;;;;
;;;;;;;;;;;;;;;;;;;;;;;;;;;;
;;;;;;;;;;;;;;;;;;;;;;;;;;;;
;;;;;;;;;;;;;;;;;;;;;;;;;;;;
;;;;;;;;;;;;;;;;;;;;;;;;;;;;
;;;;;;;;;;;;;;;;;;;;;;;;;;;;
;;;;;;;;;;;;;;;;;;;;;;;;;;;;
;;;;;;;;;;;;;;;;;;;;;;;;;;;;
;;;;;;;;;;;;;;;;;;;;;;;;;;;;
;;;;;;;;;;;;;;;;;;;;;;;;;;;;
;;;;;;;;;;;;;;;;;;;;;;;;;;;;
;;;;;;;;;;;;;;;;;;;;;;;;;;;;
;;;;;;;;;;;;;;;;;;;;;;;;;;;;
;;;;;;;;;;;;;;;;;;;;;;;;;;;;
;;;;;;;;;;;;;;;;;;;;;;;;;;;;
;;;;;;;;;;;;;;;;;;;;;;;;;;;;
;;;;;;;;;;;;;;;;;;;;;;;;;;;;
;;;;;;;;;;;;;;;;;;;;;;;;;;;;
;;;;;;;;;;;;;;;;;;;;;;;;;;;;
;;;;;;;;;;;;;;;;;;;;;;;;;;;;
;;;;;;;;;;;;;;;;;;;;;;;;;;;;
;;;;;;;;;;;;;;;;;;;;;;;;;;;;
;;;;;;;;;;;;;;;;;;;;;;;;;;;;
;;;;;;;;;;;;;;;;;;;;;;;;;;;;
;;;;;;;;;;;;;;;;;;;;;;;;;;;;
;;;;;;;;;;;;;;;;;;;;;;;;;;;;
;;;;;;;;;;;;;;;;;;;;;;;;;;;;
;;;;;;;;;;;;;;;;;;;;;;;;;;;;
;;;;;;;;;;;;;;;;;;;;;;;;;;;;
;;;;;;;;;;;;;;;;;;;;;;;;;;;;
;;;;;;;;;;;;;;;;;;;;;;;;;;;;
;;;;;;;;;;;;;;;;;;;;;;;;;;;;
;;;;;;;;;;;;;;;;;;;;;;;;;;;;
;;;;;;;;;;;;;;;;;;;;;;;;;;;;
;;;;;;;;;;;;;;;;;;;;;;;;;;;;
;;;;;;;;;;;;;;;;;;;;;;;;;;;;
;;;;;;;;;;;;;;;;;;;;;;;;;;;;
;;;;;;;;;;;;;;;;;;;;;;;;;;;;
;;;;;;;;;;;;;;;;;;;;;;;;;;;;
;;;;;;;;;;;;;;;;;;;;;;;;;;;;
;;;;;;;;;;;;;;;;;;;;;;;;;;;;
;;;;;;;;;;;;;;;;;;;;;;;;;;;;
;;;;;;;;;;;;;;;;;;;;;;;;;;;;
;;;;;;;;;;;;;;;;;;;;;;;;;;;;
;;;;;;;;;;;;;;;;;;;;;;;;;;;;
;;;;;;;;;;;;;;;;;;;;;;;;;;;;
;;;;;;;;;;;;;;;;;;;;;;;;;;;;
;;;;;;;;;;;;;;;;;;;;;;;;;;;;
;;;;;;;;;;;;;;;;;;;;;;;;;;;;
;;;;;;;;;;;;;;;;;;;;;;;;;;;;
;;;;;;;;;;;;;;;;;;;;;;;;;;;;
;;;;;;;;;;;;;;;;;;;;;;;;;;;;
;;;;;;;;;;;;;;;;;;;;;;;;;;;;
;;;;;;;;;;;;;;;;;;;;;;;;;;;;
;;;;;;;;;;;;;;;;;;;;;;;;;;;;
;;;;;;;;;;;;;;;;;;;;;;;;;;;;
;;;;;;;;;;;;;;;;;;;;;;;;;;;;
;;;;;;;;;;;;;;;;;;;;;;;;;;;;
;;;;;;;;;;;;;;;;;;;;;;;;;;;;
;;;;;;;;;;;;;;;;;;;;;;;;;;;;
;;;;;;;;;;;;;;;;;;;;;;;;;;;;
;;;;;;;;;;;;;;;;;;;;;;;;;;;;
;;;;;;;;;;;;;;;;;;;;;;;;;;;;
;;;;;;;;;;;;;;;;;;;;;;;;;;;;
;;;;;;;;;;;;;;;;;;;;;;;;;;;;
;;;;;;;;;;;;;;;;;;;;;;;;;;;;
;;;;;;;;;;;;;;;;;;;;;;;;;;;;
;;;;;;;;;;;;;;;;;;;;;;;;;;;;
;;;;;;;;;;;;;;;;;;;;;;;;;;;;
;;;;;;;;;;;;;;;;;;;;;;;;;;;;
;;;;;;;;;;;;;;;;;;;;;;;;;;;;
;;;;;;;;;;;;;;;;;;;;;;;;;;;;
;;;;;;;;;;;;;;;;;;;;;;;;;;;;
;;;;;;;;;;;;;;;;;;;;;;;;;;;;
;;;;;;;;;;;;;;;;;;;;;;;;;;;;
;;;;;;;;;;;;;;;;;;;;;;;;;;;;
;;;;;;;;;;;;;;;;;;;;;;;;;;;;
;;;;;;;;;;;;;;;;;;;;;;;;;;;;
;;;;;;;;;;;;;;;;;;;;;;;;;;;;
;;;;;;;;;;;;;;;;;;;;;;;;;;;;
;;;;;;;;;;;;;;;;;;;;;;;;;;;;
;;;;;;;;;;;;;;;;;;;;;;;;;;;;
;;;;;;;;;;;;;;;;;;;;;;;;;;;;
;;;;;;;;;;;;;;;;;;;;;;;;;;;;
;;;;;;;;;;;;;;;;;;;;;;;;;;;;
;;;;;;;;;;;;;;;;;;;;;;;;;;;;
;;;;;;;;;;;;;;;;;;;;;;;;;;;;
;;;;;;;;;;;;;;;;;;;;;;;;;;;;
;;;;;;;;;;;;;;;;;;;;;;;;;;;;
;;;;;;;;;;;;;;;;;;;;;;;;;;;;
;;;;;;;;;;;;;;;;;;;;;;;;;;;;
;;;;;;;;;;;;;;;;;;;;;;;;;;;;
;;;;;;;;;;;;;;;;;;;;;;;;;;;;
;;;;;;;;;;;;;;;;;;;;;;;;;;;;
;;;;;;;;;;;;;;;;;;;;;;;;;;;;
;;;;;;;;;;;;;;;;;;;;;;;;;;;;
;;;;;;;;;;;;;;;;;;;;;;;;;;;;
;;;;;;;;;;;;;;;;;;;;;;;;;;;;
;;;;;;;;;;;;;;;;;;;;;;;;;;;;
;;;;;;;;;;;;;;;;;;;;;;;;;;;;
;;;;;;;;;;;;;;;;;;;;;;;;;;;;
;;;;;;;;;;;;;;;;;;;;;;;;;;;;
;;;;;;;;;;;;;;;;;;;;;;;;;;;;
;;;;;;;;;;;;;;;;;;;;;;;;;;;;
;;;;;;;;;;;;;;;;;;;;;;;;;;;;
;;;;;;;;;;;;;;;;;;;;;;;;;;;;
;;;;;;;;;;;;;;;;;;;;;;;;;;;;
;;;;;;;;;;;;;;;;;;;;;;;;;;;;
;;;;;;;;;;;;;;;;;;;;;;;;;;;;
;;;;;;;;;;;;;;;;;;;;;;;;;;;;
;;;;;;;;;;;;;;;;;;;;;;;;;;;;
;;;;;;;;;;;;;;;;;;;;;;;;;;;;
;;;;;;;;;;;;;;;;;;;;;;;;;;;;
;;;;;;;;;;;;;;;;;;;;;;;;;;;;
;;;;;;;;;;;;;;;;;;;;;;;;;;;;
;;;;;;;;;;;;;;;;;;;;;;;;;;;;
;;;;;;;;;;;;;;;;;;;;;;;;;;;;
;;;;;;;;;;;;;;;;;;;;;;;;;;;;
;;;;;;;;;;;;;;;;;;;;;;;;;;;;
;;;;;;;;;;;;;;;;;;;;;;;;;;;;
;;;;;;;;;;;;;;;;;;;;;;;;;;;;
;;;;;;;;;;;;;;;;;;;;;;;;;;;;
;;;;;;;;;;;;;;;;;;;;;;;;;;;;
;;;;;;;;;;;;;;;;;;;;;;;;;;;;
;;;;;;;;;;;;;;;;;;;;;;;;;;;;
;;;;;;;;;;;;;;;;;;;;;;;;;;;;
;;;;;;;;;;;;;;;;;;;;;;;;;;;;
;;;;;;;;;;;;;;;;;;;;;;;;;;;;
;;;;;;;;;;;;;;;;;;;;;;;;;;;;
;;;;;;;;;;;;;;;;;;;;;;;;;;;;
;;;;;;;;;;;;;;;;;;;;;;;;;;;;
;;;;;;;;;;;;;;;;;;;;;;;;;;;;
;;;;;;;;;;;;;;;;;;;;;;;;;;;;
;;;;;;;;;;;;;;;;;;;;;;;;;;;;
;;;;;;;;;;;;;;;;;;;;;;;;;;;;
;;;;;;;;;;;;;;;;;;;;;;;;;;;;
;;;;;;;;;;;;;;;;;;;;;;;;;;;;
;;;;;;;;;;;;;;;;;;;;;;;;;;;;
;;;;;;;;;;;;;;;;;;;;;;;;;;;;
;;;;;;;;;;;;;;;;;;;;;;;;;;;;
;;;;;;;;;;;;;;;;;;;;;;;;;;;;
;;;;;;;;;;;;;;;;;;;;;;;;;;;;
;;;;;;;;;;;;;;;;;;;;;;;;;;;;
;;;;;;;;;;;;;;;;;;;;;;;;;;;;
;;;;;;;;;;;;;;;;;;;;;;;;;;;;
;;;;;;;;;;;;;;;;;;;;;;;;;;;;
;;;;;;;;;;;;;;;;;;;;;;;;;;;;
;;;;;;;;;;;;;;;;;;;;;;;;;;;;
;;;;;;;;;;;;;;;;;;;;;;;;;;;;
;;;;;;;;;;;;;;;;;;;;;;;;;;;;
;;;;;;;;;;;;;;;;;;;;;;;;;;;;
;;;;;;;;;;;;;;;;;;;;;;;;;;;;
;;;;;;;;;;;;;;;;;;;;;;;;;;;;
;;;;;;;;;;;;;;;;;;;;;;;;;;;;
;;;;;;;;;;;;;;;;;;;;;;;;;;;;
;;;;;;;;;;;;;;;;;;;;;;;;;;;;
;;;;;;;;;;;;;;;;;;;;;;;;;;;;
;;;;;;;;;;;;;;;;;;;;;;;;;;;;
;;;;;;;;;;;;;;;;;;;;;;;;;;;;
;;;;;;;;;;;;;;;;;;;;;;;;;;;;
;;;;;;;;;;;;;;;;;;;;;;;;;;;;
;;;;;;;;;;;;;;;;;;;;;;;;;;;;
;;;;;;;;;;;;;;;;;;;;;;;;;;;;
;;;;;;;;;;;;;;;;;;;;;;;;;;;;
